code,company,name,gender,age,miles
0,4You,Roy Braun,male,21,10956
1,4You,Joseph Holsten,male,37,142
2,4You,Wilma Mcinnis,female,48,13960
3,4You,Paula Daniel,female,23,13073
4,4You,Patricia Carson,female,44,14488
5,4You,Trina Thomas,none,47,146
6,4You,Jesse Decelle,male,46,4757
7,4You,Gregoria Gil,female,21,12765
8,4You,Jack Sabo,none,41,15347
9,4You,Debbie Helms,none,35,10166
10,4You,Melvin Lovejoy,male,36,12921
11,4You,Virginia Roberts,female,61,6187
12,4You,David Thomas,male,53,5794
13,4You,Irene Tucker,none,36,13777
14,4You,John Cody,male,37,10245
15,4You,Janice Cudney,female,56,3813
16,4You,Shane Hubner,female,47,12225
17,4You,Victor Tribbett,none,25,11876
18,4You,Tanya Orourke,none,65,5877
19,4You,John Bennett,male,22,5010
20,4You,Sally Roberts,female,65,15583
21,4You,Julia Meinhart,female,56,15011
22,4You,Michele Ashford,female,51,14756
23,4You,Leslie Sandoval,male,35,10385
24,4You,Calvin Cuellar,male,60,593
25,4You,Elizabeth Smith,female,64,17552
26,4You,Yolanda Connolly,female,49,5185
27,4You,Sean Pearson,male,62,1273
28,4You,April Miller,female,46,16248
29,4You,Lisa Natera,female,35,288
30,4You,Alberta Bornhorst,female,59,8171
31,4You,Christopher Elliott,none,40,16981
32,4You,Wesley Locker,male,44,8553
33,4You,Ida Turzak,female,56,10101
34,4You,Anita Petersen,female,21,16335
35,4You,Helen Selby,none,34,4054
36,4You,Anna Rodriguez,none,56,8784
37,4You,Denise Newton,none,27,7017
38,4You,Nancy Dowdy,female,47,3562
39,4You,Billie Dwight,female,48,15419
40,4You,Carlos Campbell,none,42,7434
41,4You,Sandra Bissonnette,female,62,14218
42,4You,Robert Collins,male,61,4613
43,4You,Louise James,female,24,1279
44,4You,David Brisco,male,21,9976
45,4You,Margaret Paul,female,54,13263
46,4You,Bobby Garcia,male,42,13229
47,4You,Kevin Lindholm,male,28,9301
48,4You,Clyde Ruiz,male,46,5390
49,4You,Charles Wilenkin,male,55,3757
50,4You,Monique Williams,female,56,6232
51,4You,Jenell Torbus,female,39,13241
52,4You,Joyce Jacobsen,female,55,5890
53,4You,Carol Dixon,female,23,5207
54,4You,Dorothea Delaney,female,21,11340
55,4You,Ivory Shiner,none,38,14285
56,4You,Lindsey Pille,none,39,9875
57,4You,Dorothy Dyson,female,32,3429
58,4You,Ernie Walker,male,37,15432
59,4You,Katherine Martinez,none,29,13482
60,4You,Fred Moreta,male,47,7272
61,4You,Susan Armstrong,female,61,9246
62,4You,David Ray,none,32,1429
63,4You,Robert Bell,male,22,2237
64,4You,Ann Moore,female,41,12536
65,4You,Christina Law,none,51,17544
66,4You,Lona Paquette,none,52,1047
67,4You,Melissa Long,female,41,4980
68,4You,Lori Friedman,female,62,3458
69,4You,Patty Chestnut,none,22,12093
70,4You,Charles Lutz,male,57,8528
71,4You,Walter Hendrickson,none,49,2803
72,4You,Pearlie Truong,none,22,12631
73,4You,Melissa Emch,female,46,1600
74,4You,Janet Vaness,none,24,7318
75,4You,Robert Wilhite,male,65,11608
76,4You,Dian Houde,none,65,7333
77,4You,Helen Gorman,female,57,11257
78,4You,Craig Milstead,none,31,14001
79,4You,Margaret Bertholf,female,65,6491
80,4You,Elissa Hubbard,female,45,13327
81,4You,Angela Hill,female,21,13130
82,4You,Matthew Middendorf,male,60,9772
83,4You,Fay Hall,none,51,17615
84,4You,Josephine Miller,none,49,3720
85,4You,Peter Moon,male,39,8083
86,4You,Audrey Atwood,female,30,6857
87,4You,Marie Bowyer,female,30,1278
88,4You,Gabriel Davis,none,21,6743
89,4You,Dixie Perez,female,28,2373
90,4You,Juan Naone,none,39,6488
91,4You,Christopher Madden,male,21,17023
92,4You,Donna Day,female,43,10316
93,4You,Nancy Campbell,none,32,10201
94,4You,Cora Soron,none,47,14121
95,4You,Randall Wison,none,21,15023
96,4You,Mary Clarke,female,40,9615
97,4You,Desmond Claxton,none,47,8303
98,4You,Marie Ruiz,female,23,4874
99,4You,Louis Peck,none,41,4642
100,4You,Carla Puskar,female,36,10288
101,4You,James Banks,male,59,2468
102,4You,Henry Muhammad,male,43,15923
103,4You,Judy Church,female,39,166
104,4You,Stephen Naylor,male,32,5210
105,4You,Richard Haugen,male,31,17677
106,4You,Tisha Eberly,none,27,12159
107,4You,Lisa Martin,female,46,1121
108,4You,Becky Gonzalez,female,58,13269
109,4You,Maria Averitt,female,24,16378
110,4You,Frank Leung,none,54,2231
111,4You,Susan Streets,female,63,16500
112,4You,Michael Benincase,male,53,17588
113,4You,Richard Bouton,none,38,14980
114,4You,Wallace Tenney,male,47,12464
115,4You,Mark Trogdon,none,48,4581
116,4You,Shawn Pennachio,male,59,11871
117,4You,Maurice Creasey,none,38,14654
118,4You,Margaret Renfroe,female,45,14936
119,4You,Justin Bedard,male,38,10057
120,4You,Robert Cuomo,none,41,17402
121,4You,Kim Frederick,male,54,16840
122,4You,Shannon Crosley,none,56,3477
123,4You,Ralph Alzugaray,male,60,11688
124,4You,Rae Austin,female,54,5439
125,4You,Marshall Knight,male,61,17023
126,4You,Ernesto Naron,none,47,2395
127,4You,Juan Jaremka,none,47,1753
128,4You,Alexander Carter,male,58,15788
129,4You,Angela Cooper,female,50,2469
130,4You,Robin Greek,female,65,639
131,4You,Terry Conteras,female,25,12775
132,4You,Mary Dortch,none,48,17748
133,4You,Ma New,female,28,15038
134,4You,Anthony Mccaslin,male,54,11776
135,4You,Jeanna Davis,female,45,9168
136,4You,Sabrina Chance,female,53,1657
137,4You,Brittany Brahler,none,60,17415
138,4You,Kathryn Otsuka,female,27,17662
139,4You,David Huerta,none,31,5076
140,4You,Lillian Reyes,female,65,15960
141,4You,Moises Gilliard,none,39,14490
142,4You,Richard Espericueta,male,39,2508
143,4You,Lisa Fitch,female,37,10836
144,4You,Samantha Link,female,53,8890
145,4You,Sandra Cruson,female,30,5053
146,4You,Ruben Flores,male,65,15365
147,4You,Noah Pillar,none,55,12417
148,4You,Marty Ferguson,male,57,14387
149,4You,Mary Harkness,female,37,14462
150,4You,Catherine Michael,none,39,12572
151,4You,Edward Harris,none,40,9790
152,4You,Elisa Vizcarra,female,42,9847
153,4You,Tona Buri,female,65,9525
154,4You,Rex Velasquez,male,46,9198
155,4You,Matthew Sullivan,none,26,11385
156,4You,Shannon Buitron,female,53,6169
157,4You,Sarah Axelson,none,42,4835
158,4You,Benjamin Vanbuskirk,male,52,8990
159,4You,Jack Harris,male,26,15076
160,4You,Juan Stevenson,none,43,12011
161,4You,Abraham Smith,male,62,569
162,4You,Helen Jordan,female,21,7231
163,4You,Derek Colburn,male,59,4390
164,4You,Tyler Butler,male,35,456
165,4You,Christine Burlingham,none,62,11414
166,4You,Bonnie Romero,none,65,15525
167,4You,Robert Toney,male,65,3439
168,4You,Lynn Quirk,female,53,13751
169,4You,William Headley,none,55,1289
170,4You,Charlotte Adair,none,36,3790
171,4You,Wade Cobb,male,49,17514
172,4You,Emery Bradford,none,44,10301
173,4You,Devin Shaver,male,49,7039
174,4You,Christopher Brown,none,59,9182
175,4You,Doris Marsh,female,48,2232
176,4You,Eva Grant,female,32,9140
177,4You,Brent Jaynes,male,55,1269
178,4You,Bobby Rutledge,male,36,4805
179,4You,Ellen Brodowski,female,55,14902
180,4You,William Prahm,male,27,6598
181,4You,Harry Wong,none,23,13574
182,4You,Donald Anderson,male,29,11121
183,4You,Dean Lindberg,male,42,14079
184,4You,Ronald Giunta,male,60,12226
185,4You,Robert Sherman,male,54,11000
186,4You,Doris Quinones,female,56,14859
187,4You,Merle Gravatt,male,59,17088
188,4You,Donald Kingsley,male,24,8421
189,4You,Nicholas Goodman,male,31,11789
190,4You,Jack Neumann,none,60,8370
191,4You,Adan Duarte,none,35,12699
192,4You,Jordan Williams,male,41,13574
193,4You,Jose Carr,male,62,14884
194,4You,William Douthitt,male,37,12906
195,4You,Richard Juarez,male,39,13567
196,4You,Ora Nunez,female,59,16289
197,4You,Roger Chavers,male,23,11584
198,4You,Kathryn Fegley,none,41,4513
199,4You,Charlotte Kina,none,49,17321
200,4You,Teresa Banister,none,29,15642
201,4You,Emerson Martindale,male,41,1858
202,4You,Christopher Schroeder,male,34,7339
203,4You,Gary Lamb,male,46,15093
204,4You,Eddie House,none,30,4997
205,4You,Kelley Bradford,none,24,279
206,4You,Lisa Mottillo,female,33,5860
207,4You,Mary Breton,female,33,13281
208,4You,Gertrude Fowler,female,37,2502
209,4You,Elvin Wilhoit,male,51,8745
210,4You,Jerry Vance,none,55,7491
211,4You,Jessica Shepard,female,57,440
212,4You,David Donovan,male,34,10927
213,4You,Paulette Olney,female,44,3447
214,4You,Bernice Martinez,female,62,17261
215,4You,James Stokes,none,30,7594
216,4You,Tina Higgins,none,32,499
217,4You,Manuel Hanson,none,53,135
218,4You,Marylee Hall,female,60,11350
219,4You,Delia Romero,none,59,11426
220,4You,Jennifer Avalos,none,47,17126
221,4You,Ruth Nava,female,58,3775
222,4You,Kimberly Plumber,female,21,3472
223,4You,Georgina Trevino,female,36,13603
224,4You,Lucille Merkle,female,65,12747
225,4You,Carol Tinkham,none,35,13530
226,4You,Jennifer Ladner,female,29,3885
227,4You,Sandra Young,none,44,1780
228,4You,Robert George,male,29,942
229,4You,Aaron Dunn,none,51,11157
230,4You,Patricia Pittman,female,35,5097
231,4You,Ronnie Stauffer,male,50,10826
232,4You,Linda Pelaez,female,29,10524
233,4You,Anna Broyles,female,63,15638
234,4You,Antonia Mcrae,female,45,8381
235,4You,Bonnie Martinez,female,49,6537
236,4You,James Brooks,none,46,13583
237,4You,Sylvia Etheridge,female,47,11176
238,4You,Charles Baker,male,38,12129
239,4You,Julie Berman,female,51,9973
240,4You,Foster King,none,33,2860
241,4You,Sonia Malaspina,female,63,436
242,4You,Ray Johnson,male,56,13522
243,4You,Jason Griess,none,45,8806
244,4You,Opal Valles,female,45,8633
245,4You,Jacqueline Sabir,female,40,4224
246,4You,Dorothy Richardson,female,33,15441
247,4You,Judy Mcmann,none,25,12948
248,4You,Monica Chafin,female,49,13032
249,4You,George Sapp,male,26,127
250,4You,Jeff Veno,male,38,2422
251,4You,Tommy Burns,male,25,7367
252,4You,Justin Lanosga,none,47,5746
253,4You,Barbara Knight,female,41,17161
254,4You,Doris Weaver,none,44,11131
255,4You,Arthur Hoag,male,31,12254
256,4You,Reuben Jones,none,51,7979
257,4You,Carolyn Miller,female,39,9662
258,4You,Walter Letchworth,male,35,12903
259,4You,Helen Walton,none,49,12313
260,4You,Veronica Rose,none,51,6680
261,4You,Betty Dietrick,none,50,15292
262,4You,Ramon Santistevan,male,33,9434
263,4You,John Lewis,none,34,1875
264,4You,Prince Webster,male,40,5145
265,4You,Patricia Ives,female,30,2484
266,4You,Larry Decker,male,45,2966
267,4You,Patricia Elwell,female,40,10896
268,4You,Henry Warren,none,47,3229
269,4You,Sandra Banks,none,49,16066
270,4You,Dustin Owens,male,51,767
271,4You,Scott Schreyer,male,63,6966
272,4You,Genevieve May,female,56,11662
273,4You,John Evans,male,52,13822
274,4You,Alejandro Perry,male,61,14437
275,4You,Allen Strode,none,60,13290
276,4You,Angela Shelby,none,26,2361
277,4You,Fred Luescher,none,63,16195
278,4You,Willie Lopez,male,36,4020
279,4You,Mildred Jackson,female,49,6477
280,4You,Stephen Diaz,male,26,15940
281,4You,Christopher Shultz,none,29,16057
282,4You,Shirley Griffin,none,36,14580
283,4You,Barbara Faust,female,42,10393
284,4You,Adam Pittman,male,32,17360
285,4You,Barbara Gannaway,none,33,4263
286,4You,Ellen Hanks,female,43,17840
287,4You,Bradley Barone,none,39,16073
288,4You,Bryan Bowers,none,23,10397
289,4You,Ethel Duffy,female,34,839
290,4You,Kristina Miller,none,43,5130
291,4You,Larry Dupree,male,36,17645
292,4You,Theodore Carter,none,36,9131
293,4You,Jeffrey Matthews,none,55,1387
294,4You,Dawn Harris,female,22,311
295,4You,Jenna Center,female,60,5054
296,4You,James Fouche,none,28,16391
297,4You,Lawrence Deibert,none,49,8096
298,4You,Gary Schwab,male,29,7177
299,4You,Robert Herrera,none,28,12490
300,4You,Misty Garcia,none,25,11113
301,4You,Tom Salazar,none,58,10020
302,4You,Anne Brown,female,42,3906
303,4You,Richard Gomez,male,56,11073
304,4You,James Lord,male,32,13375
305,4You,Sarah Willis,female,50,12546
306,4You,Darren Bennett,none,43,16860
307,4You,Robert Legros,male,59,15034
308,4You,Doris Ramirez,female,27,5968
309,4You,David Robinson,male,33,6343
310,4You,Judy Atkins,none,32,6076
311,4You,Sandra Mitchell,none,30,2024
312,4You,Ulysses Barker,male,40,10793
313,4You,Judith Pierce,female,23,1466
314,4You,Matthew Johnson,male,50,1817
315,4You,Alfred Atkinson,none,61,8965
316,4You,Charlotte Johnson,female,64,16388
317,4You,Adam Groome,male,54,9288
318,4You,Hazel Grove,none,50,14906
319,4You,Anthony Jarrett,male,28,15474
320,4You,Reginald Doherty,male,33,16525
321,4You,Jack Perry,none,57,6685
322,4You,Wallace Gallardo,male,56,10928
323,4You,Jean Obrien,female,53,11766
324,4You,Robert Schlipp,none,48,16170
325,4You,Christine Lowery,none,24,7239
326,4You,Marian Dunn,female,63,3236
327,4You,Vanessa Nobles,female,32,13421
328,4You,Tracy Mccracken,female,53,10226
329,4You,Amanda Hanson,female,46,9942
330,4You,Robert Smith,none,57,11615
331,4You,Edward Grayson,male,41,13872
332,4You,John Garrison,none,38,15290
333,4You,Heike Wilson,none,30,2823
334,4You,Mitchell Goss,male,45,5644
335,4You,Larry Tapia,none,34,5085
336,4You,Edith Franco,female,22,1081
337,4You,Hans Bryan,none,37,12846
338,4You,Randy Sao,male,65,13864
339,4You,Stephen Midgett,male,33,8760
340,4You,Anthony Briney,none,25,16029
341,4You,Catherine Jenkins,none,31,2056
342,4You,Tina Tomasek,female,22,6834
343,4You,Eric Fuller,male,47,10244
344,4You,Gary Hanson,male,33,4101
345,4You,Timothy Perez,none,46,5171
346,4You,Jeffrey Forester,male,57,4901
347,4You,Keith Sherman,male,35,15741
348,4You,Mathilde Boone,female,52,4539
349,4You,Isabel Guthrie,female,36,13453
350,4You,Sam Abernathy,male,25,14375
351,4You,Sara Ferguson,none,32,2176
352,4You,Alicia Watts,female,36,3461
353,4You,Ricky Baker,male,57,3586
354,4You,Andy Skidmore,none,39,13313
355,4You,Debra Bailey,female,61,4331
356,4You,Ralph Colunga,none,33,3807
357,4You,Kathryn Childress,female,37,10434
358,4You,Rickey Orouke,male,46,304
359,4You,Virgil Hauck,male,48,11709
360,4You,William Williams,male,49,6901
361,4You,Curtis Sexton,male,33,5454
362,4You,Kyle Young,male,59,14168
363,4You,Abby Small,female,25,10830
364,4You,Kristina Schuetz,female,48,1939
365,4You,Eunice Burns,female,24,4132
366,4You,Claude Johnston,none,65,9041
367,4You,Deborah Adams,none,28,17145
368,4You,Mark Nemec,male,25,17943
369,4You,Bart Haverstock,male,21,17117
370,4You,Susan Manzano,none,31,5338
371,4You,Jenine Hobson,none,65,2799
372,4You,Dolores Davis,none,32,5780
373,4You,Jame Carter,female,65,6853
374,4You,Kristopher Runyon,male,25,8662
375,4You,Jerome Sanchez,none,56,3295
376,4You,Dale Mazur,male,47,2032
377,4You,Larry Faron,male,24,17051
378,4You,Sarah Boock,none,30,2364
379,4You,Anthony Bethea,none,49,8706
380,4You,Rachael Moore,none,56,17929
381,4You,Victor Remington,male,52,10646
382,4You,Arthur Mckinnis,none,25,13905
383,4You,Gabriel Mantini,none,39,1343
384,4You,Eulalia White,female,45,10054
385,4You,Jeffery Gill,male,53,13237
386,4You,Katlyn Hsiao,female,44,468
387,4You,Dorothy Barnes,none,21,9807
388,4You,Virgie Humphrys,female,23,14215
389,4You,Mark Eisentrout,none,43,16416
390,4You,Ervin Janke,none,55,1359
391,4You,Philip Robertson,male,49,6143
392,4You,Cameron Williams,male,27,5450
393,4You,Kelly Subido,female,23,1492
394,4You,Tom Floyd,none,48,16096
395,4You,Caroline Eaton,female,49,9914
396,4You,Douglas Shields,male,39,17524
397,4You,Robert Clark,male,28,6014
398,4You,Christine Spillane,female,29,17431
399,4You,Shirley Blacklock,female,36,5536
400,4You,Cathy Childs,female,52,9775
401,4You,Dave Morton,none,47,6894
402,4You,Philip Rose,male,48,11926
403,4You,Oliver Williams,none,49,4332
404,4You,Ana Hudson,none,23,3726
405,4You,Linda Thompson,none,53,9546
406,4You,William Jemmott,male,21,1454
407,4You,Fernande Conover,female,25,9673
408,4You,Richard Anaya,none,59,13480
409,4You,Frank Strawn,none,32,6975
410,4You,Marilyn Wix,none,39,13016
411,4You,Debbie Green,female,24,17057
412,4You,Teresa Sanchez,none,21,6440
413,4You,Clifford Fagen,male,63,11204
414,4You,Tonya Rivera,none,62,6792
415,4You,Barbara Oliver,none,61,14889
416,4You,Mary Rivera,female,37,15522
417,4You,Dana King,none,35,10742
418,4You,Frank Street,none,61,9056
419,4You,Tanya Donahue,none,36,13383
420,4You,April Williams,female,46,12671
421,4You,Brenda Alvarado,none,45,8661
422,4You,Mary Ewers,none,29,187
423,4You,Sandra Sawin,female,21,13972
424,4You,Diana Mcelrath,female,59,11964
425,4You,Dorothy Martin,female,61,16895
426,4You,Amy Kun,none,65,13036
427,4You,Margaret Morley,female,63,16778
428,4You,Marion Smith,none,42,17802
429,4You,Brian Zimmermann,male,44,9483
430,4You,Sharyl Simmons,female,36,13640
431,4You,Matilda Wright,none,44,16170
432,4You,Linda Speight,female,52,1819
433,4You,Bradley Johnson,none,57,4384
434,4You,Johnny Odom,male,29,3131
435,4You,Eric Barakat,male,57,5116
436,4You,Linda Ellis,none,53,10461
437,4You,Diane Huff,none,60,2598
438,4You,Michael Stroik,male,44,7282
439,4You,Cynthia Hall,none,21,13155
440,4You,Donald Stallworth,none,46,8011
441,4You,Robert Coronado,male,32,17823
442,4You,Renee Brock,female,24,10866
443,4You,Alberto Hamner,male,24,16284
444,4You,Jodi Norton,none,37,333
445,4You,Laura Burns,female,23,5928
446,4You,Henry Burkhard,male,46,2909
447,4You,Adam Hawkins,none,43,233
448,4You,Marion Casey,female,28,14031
449,4You,Valerie Gonzalez,female,61,6122
450,4You,Monica Briggs,none,42,5299
451,4You,Derick Krausz,male,46,2542
452,4You,Maynard Murray,none,33,2633
453,Monsters CYA,Christopher Norman,none,29,12294
454,Monsters CYA,James Cox,none,52,162
455,Monsters CYA,Dana Looney,female,56,17569
456,Monsters CYA,Gertrude Rice,female,36,8892
457,Monsters CYA,Leonel Richardson,male,49,11516
458,Monsters CYA,Donald Jansen,male,22,14823
459,Monsters CYA,Joseph Silva,male,50,8825
460,Monsters CYA,William Washington,male,63,4282
461,Monsters CYA,Ma Hall,female,63,3483
462,Monsters CYA,David Leone,male,43,2731
463,Monsters CYA,Robert White,none,22,14291
464,Monsters CYA,Zachary Richardson,male,60,6773
465,Monsters CYA,Judith Brown,none,34,10210
466,Monsters CYA,Walter Ortiz,male,52,14645
467,Monsters CYA,Justin Emmons,male,31,4642
468,Monsters CYA,Robert Terrell,male,47,16511
469,Monsters CYA,Dennis Phillips,none,41,13171
470,Monsters CYA,Ima Borne,female,23,10297
471,Monsters CYA,Norma Brady,female,26,11732
472,Monsters CYA,Helen Heavilin,female,28,16854
473,Monsters CYA,Anita Smothers,female,48,12634
474,Monsters CYA,Dorothy Sample,female,48,12308
475,Monsters CYA,Cindy Sullivan,female,44,17740
476,Monsters CYA,Major Girard,male,31,8416
477,Monsters CYA,Kevin Boyd,none,46,13747
478,Monsters CYA,Jerry Pickle,none,62,3617
479,Monsters CYA,Earl Traina,none,42,14106
480,Monsters CYA,Donna Koonce,female,32,6100
481,Monsters CYA,Lyman Huizar,none,62,1132
482,Monsters CYA,William Northey,male,31,11193
483,Monsters CYA,Henry Browne,none,58,12432
484,Monsters CYA,Julie Bourgeois,female,44,2263
485,Monsters CYA,Angelina Lane,none,29,16782
486,Monsters CYA,Katelyn Ogorman,none,46,17722
487,Monsters CYA,Nancy Doggett,none,40,15238
488,Monsters CYA,Sonja Bell,female,56,2034
489,Monsters CYA,James Wareham,none,57,15070
490,Monsters CYA,Frank Lopez,none,39,8973
491,Monsters CYA,Lazaro Jordan,male,65,11806
492,Monsters CYA,Scott Chavez,male,36,15574
493,Monsters CYA,Artie Ladner,female,48,5147
494,Monsters CYA,Steven Colon,male,31,9624
495,Monsters CYA,Robert Carpenter,male,44,14168
496,Monsters CYA,Charlotte Johnson,none,51,1597
497,Monsters CYA,Christopher Cooper,male,60,9651
498,Monsters CYA,Melvin Wineland,male,64,7710
499,Monsters CYA,Andrew Sperdute,male,62,3105
500,Monsters CYA,Edward Zahner,male,42,3190
501,Monsters CYA,Amy Ruff,female,21,7078
502,Monsters CYA,Jason Bottone,none,55,3646
503,Monsters CYA,Mark Smith,male,30,14510
504,Monsters CYA,Rafael Wood,none,61,10075
505,Monsters CYA,Arthur Acevedo,male,24,1205
506,Monsters CYA,David Grady,male,61,4185
507,Monsters CYA,Thomas Coleman,male,57,4350
508,Monsters CYA,Gwen Payne,female,64,1148
509,Monsters CYA,Brian Thompson,none,21,2596
510,Monsters CYA,Traci Shelton,none,41,2624
511,Monsters CYA,Wilma Prescott,female,32,10523
512,Monsters CYA,Juanita Baker,female,52,12528
513,Monsters CYA,Kia Rodriguez,female,64,11064
514,Monsters CYA,Myesha Taranto,female,41,17762
515,Monsters CYA,Anna Edgar,none,24,11911
516,Monsters CYA,Julie Hamson,female,47,8861
517,Monsters CYA,Linda Gordan,none,30,5926
518,Monsters CYA,James White,male,25,6536
519,Monsters CYA,Alan Ferebee,male,32,16504
520,Monsters CYA,Bobby Alex,male,30,6272
521,Monsters CYA,Alicia Cedar,female,29,15823
522,Monsters CYA,Wilfred Briggs,male,55,852
523,Monsters CYA,Timmy Lemons,none,34,9781
524,Monsters CYA,Linda Parks,female,50,17415
525,Monsters CYA,Cynthia Luzar,none,32,9194
526,Monsters CYA,Joy Sibley,none,62,11120
527,Monsters CYA,Elma Gonzales,female,40,17424
528,Monsters CYA,Frances Kendall,female,34,3226
529,Monsters CYA,Gary Pietrafesa,male,34,13748
530,Monsters CYA,Tanya Mcmillan,none,32,14118
531,Monsters CYA,Tammy Lechuga,none,51,11953
532,Monsters CYA,Florence Wilson,female,42,12541
533,Monsters CYA,Nicholas Fast,none,55,3899
534,Monsters CYA,James Perez,male,21,6812
535,Monsters CYA,Joann Mccrossen,female,28,16989
536,Monsters CYA,Alice Mora,none,38,9960
537,Monsters CYA,Robert Villalvazo,none,35,5661
538,Monsters CYA,Marlene Worrell,female,55,14739
539,Monsters CYA,Horace Skillman,none,64,12891
540,Monsters CYA,Yvonne Ridgeway,none,30,6276
541,Monsters CYA,Carolyn Watt,none,52,16839
542,Monsters CYA,Dorothy Carter,none,64,2277
543,Monsters CYA,Bianca Fitz,female,51,5088
544,Monsters CYA,John Micciche,none,64,10801
545,Monsters CYA,Kenneth Jump,male,46,1407
546,Monsters CYA,Abdul Vogus,male,46,2244
547,Monsters CYA,Paul Torres,none,60,4002
548,Monsters CYA,Frances Vidal,female,29,13790
549,Monsters CYA,Margaret Orellana,female,24,164
550,Monsters CYA,Luz Gilliland,none,22,12848
551,Monsters CYA,Juanita Carter,none,52,4922
552,Monsters CYA,Kevin Paul,none,45,9312
553,Monsters CYA,Diego Boday,male,50,17431
554,Monsters CYA,Georgia King,female,27,767
555,Monsters CYA,Yolanda Edwards,female,34,12159
556,Monsters CYA,Jonathan Dickens,male,48,10677
557,Monsters CYA,Phillip King,none,39,4865
558,Monsters CYA,Peter Palmer,none,54,6645
559,Monsters CYA,Betty Ollie,female,64,7013
560,Monsters CYA,Pedro Lewis,male,32,4110
561,Monsters CYA,Minnie Lesane,female,30,17402
562,Monsters CYA,Clifford Forrest,none,54,12181
563,Monsters CYA,Ashley Hernandez,none,61,12699
564,Monsters CYA,Eugene Tiemann,none,41,10438
565,Monsters CYA,Emma Ashbrook,none,53,16166
566,Monsters CYA,Elma Depaz,female,29,5002
567,Monsters CYA,Darlene Blosser,female,53,9436
568,Monsters CYA,Lazaro Mendoza,none,41,12147
569,Monsters CYA,Timothy Grady,male,28,11371
570,Monsters CYA,Cathy Hinds,none,34,8557
571,Monsters CYA,Nathan Ponder,male,43,17347
572,Monsters CYA,Robert Carrell,male,64,709
573,Monsters CYA,Andrew Anderson,none,33,16638
574,Monsters CYA,Della Gomez,none,52,8584
575,Monsters CYA,Lucy Pagel,female,42,13079
576,Monsters CYA,Chad Langevin,male,22,4442
577,Monsters CYA,Paul Emery,none,63,9595
578,Monsters CYA,Naomi Bartz,female,22,17551
579,Monsters CYA,Ruby Lewis,female,31,635
580,Monsters CYA,Javier Anthony,male,24,15740
581,Monsters CYA,Jennie Klein,female,35,13806
582,Monsters CYA,Irene Land,female,62,7822
583,Monsters CYA,Edmund Graham,none,63,17441
584,Monsters CYA,Michael Jenkins,male,37,13455
585,Monsters CYA,Clara Taylor,female,63,5758
586,Monsters CYA,Gregory Thiboutot,male,39,17691
587,Monsters CYA,David Edelson,male,34,11600
588,Monsters CYA,Mary Parnell,none,53,5526
589,Monsters CYA,Sherry Daigle,none,46,11657
590,Monsters CYA,Jennifer Cargo,female,22,10776
591,Monsters CYA,Veronica Salgado,female,65,6292
592,Monsters CYA,Charles Horsley,none,38,7548
593,Monsters CYA,Matthew Kellogg,male,38,15185
594,Monsters CYA,Jason Woods,male,30,2610
595,Monsters CYA,Maureen Burns,female,34,9092
596,Monsters CYA,Dolores Huffman,female,55,4824
597,Monsters CYA,Raymond Varner,male,36,4330
598,Monsters CYA,Amy Baumann,female,57,5821
599,Monsters CYA,Leroy Harris,male,47,14183
600,Monsters CYA,Laurie Hubbard,none,38,7571
601,Monsters CYA,Seth Mcclellan,male,32,3545
602,Monsters CYA,Renita Smith,female,50,1926
603,Monsters CYA,Marlene Shumpert,none,42,9888
604,Monsters CYA,Tiffany Thomas,none,53,4365
605,Monsters CYA,Robert Santos,male,36,14391
606,Monsters CYA,David Evans,male,54,13476
607,Monsters CYA,Laurie Fine,female,65,11598
608,Monsters CYA,Thelma Dillinger,none,61,13470
609,Monsters CYA,Kerri Jones,female,57,6017
610,Monsters CYA,Rena Roberts,none,29,43
611,Monsters CYA,Heather Chambers,female,47,8473
612,Monsters CYA,Myra Rivera,female,57,13289
613,Monsters CYA,Isiah Enriquez,male,53,15379
614,Monsters CYA,Anna Zurita,female,41,14080
615,Monsters CYA,Stanley Norris,male,64,5356
616,Monsters CYA,Jessica Kinsey,female,40,9615
617,Monsters CYA,William Miller,male,57,14719
618,Monsters CYA,Juanita Deno,female,58,13779
619,Monsters CYA,Clifton Parsons,male,45,9982
620,Monsters CYA,Elizabeth Cohen,none,25,16125
621,Monsters CYA,Kenneth Vue,male,55,14918
622,Monsters CYA,Daniel Bollman,male,38,4419
623,Monsters CYA,Sumiko Boone,none,61,17833
624,Monsters CYA,Tracy Brown,female,44,12757
625,Monsters CYA,Elizabeth Srinvasan,female,61,10447
626,Monsters CYA,Lora Jarman,female,22,10425
627,Monsters CYA,Michael Sigmon,male,47,14351
628,Monsters CYA,Anthony Watson,male,53,12775
629,Monsters CYA,William Robinson,none,26,17462
630,Monsters CYA,Mary Depalma,female,47,2680
631,Monsters CYA,Zachary Steward,none,43,8845
632,Monsters CYA,Celina Fish,none,59,6441
633,Monsters CYA,Lori Mcknight,female,44,4402
634,Monsters CYA,Frank Papa,male,33,8433
635,Monsters CYA,Kimberly Barclay,female,48,10773
636,Monsters CYA,Joe Kelly,none,44,12360
637,Monsters CYA,Robert Pratt,male,28,14468
638,Monsters CYA,Margo Sullivan,none,63,3775
639,Monsters CYA,Edna Boyette,female,43,15292
640,Monsters CYA,Thomas Lockman,none,26,4407
641,Monsters CYA,Ashley Servais,female,26,2858
642,Monsters CYA,Gary Kearney,male,55,12174
643,Monsters CYA,David Lucas,male,50,15860
644,Monsters CYA,Rita Field,female,49,9719
645,Monsters CYA,Michele Alton,none,64,9854
646,Monsters CYA,Andra Parker,none,33,3821
647,Monsters CYA,Edna Ortiz,none,26,11805
648,Wonka Company,Ethel Dalton,female,31,2146
649,Wonka Company,Christina Pedersen,none,35,10021
650,Wonka Company,Barbara Evers,none,64,14641
651,Wonka Company,Brett Ahart,male,34,14387
652,Wonka Company,Alice Berger,none,26,3409
653,Wonka Company,Gina Dieteman,none,21,6601
654,Wonka Company,Andrew Ramos,none,59,6908
655,Wonka Company,Aaron Feliciano,male,60,12929
656,Wonka Company,Kenneth Quick,male,33,3943
657,Wonka Company,Leta Garber,female,45,16566
658,Wonka Company,Bryce Gearing,male,22,7715
659,Wonka Company,Juan Kloke,male,57,6965
660,Wonka Company,Harlan Hudson,none,28,8747
661,Wonka Company,David Michl,male,30,15379
662,Wonka Company,Everett Schlesener,male,57,4038
663,Wonka Company,Michelle Richey,female,49,8334
664,Wonka Company,Janet Romero,female,28,324
665,Wonka Company,Marvin Archer,none,61,11168
666,Wonka Company,Ronald Barrett,male,22,3347
667,Wonka Company,Clayton Cline,male,39,6302
668,Wonka Company,Carmen Politi,none,48,594
669,Wonka Company,Shari Reynolds,female,54,1852
670,Wonka Company,Patrick Obrien,none,32,6436
671,Wonka Company,Pedro Woodbury,male,65,6880
672,Wonka Company,Patricia Mcdonald,female,45,1164
673,Wonka Company,Jennifer Robles,none,41,2771
674,Wonka Company,Jacqueline Thornton,none,64,4956
675,Wonka Company,Carol Cobb,female,39,2529
676,Wonka Company,Mary Burkett,female,22,11335
677,Wonka Company,Bernard Park,male,48,235
678,Wonka Company,Ted Gowins,none,32,11455
679,Wonka Company,Tim Ransom,male,47,12987
680,Wonka Company,Bret Dowell,none,52,3569
681,Wonka Company,Myrtle Churchill,female,51,813
682,Wonka Company,Margaret Stewart,none,56,13763
683,Wonka Company,Loma Walker,female,25,12845
684,Wonka Company,Robert Mitchell,male,49,14980
685,Wonka Company,Michael Shields,male,33,3244
686,Wonka Company,Joyce Seifert,female,56,4472
687,Wonka Company,Lora Perez,female,23,16111
688,Wonka Company,John Orr,male,27,5091
689,Wonka Company,William Caravella,none,50,9354
690,Wonka Company,William Glancy,male,64,2061
691,Wonka Company,Rhonda Hauck,female,25,5653
692,Wonka Company,Mike Grimmett,male,50,13750
693,Wonka Company,Pauline Huff,female,59,1297
694,Wonka Company,Jolene Ser,none,22,14070
695,Wonka Company,Clement Johnson,male,59,12419
696,Wonka Company,Michael Nutt,male,21,9647
697,Wonka Company,Donald Clairmont,male,62,13825
698,Wonka Company,Susan Anderson,female,51,8403
699,Wonka Company,Kevin Lamb,male,43,9367
700,Wonka Company,John Mcvey,male,28,12460
701,Wonka Company,Evelyn Murawski,female,41,2266
702,Wonka Company,Joseph Clymer,male,38,15837
703,Wonka Company,Lori Kelly,none,26,14695
704,Wonka Company,Kevin Chiang,male,52,842
705,Wonka Company,Shirley Smith,female,32,12552
706,Wonka Company,Portia Applebaum,none,64,7030
707,Wonka Company,Arthur Hendrix,male,37,9072
708,Wonka Company,Gary Heard,male,53,14272
709,Wonka Company,Rosemarie Bryan,none,52,13794
710,Wonka Company,Cynthia Mekee,female,31,1088
711,Wonka Company,Esther Odonnell,female,32,16467
712,Wonka Company,Kristin Davis,female,45,6818
713,Wonka Company,Harvey Craig,male,42,262
714,Wonka Company,Amanda Linsky,none,40,8574
715,Wonka Company,Martha Smith,female,27,12126
716,Wonka Company,Charles Mullins,male,46,11656
717,Wonka Company,Mary Kelly,female,41,5814
718,Wonka Company,Brooke Gilbert,female,57,6279
719,Wonka Company,Cory Ruiz,male,64,10797
720,Wonka Company,Tina Heath,none,29,13792
721,Wonka Company,Gregory Huntington,male,41,3282
722,Wonka Company,Joan Bottoni,none,34,15156
723,Wonka Company,Charles Morgan,male,34,11358
724,Wonka Company,Elizabeth Gastelum,female,34,9219
725,Wonka Company,David Wright,none,21,9844
726,Wonka Company,David Bowers,male,34,6975
727,Wonka Company,Jeffrey Collazo,male,25,3002
728,Wonka Company,Rebecca Kim,none,40,8721
729,Wonka Company,Hattie Martin,female,55,14882
730,Wonka Company,Lori Gonzalez,female,32,4161
731,Wonka Company,Linda Goodson,female,51,3382
732,Wonka Company,Vickie Nave,female,42,4672
733,Wonka Company,Jesus Victor,none,30,8869
734,Wonka Company,Ronald Pierson,male,34,5608
735,Wonka Company,William Mckay,male,36,12085
736,Wonka Company,Shawn Hacker,female,57,2944
737,Wonka Company,Paula Fleming,none,32,17445
738,Wonka Company,Luciano Harris,male,58,10471
739,Wonka Company,Adrianne Pierre,female,53,12769
740,Wonka Company,Milton Stanley,male,50,9305
741,Wonka Company,Brian Trujillo,none,65,3432
742,Wonka Company,Anna Willis,female,22,7343
743,Wonka Company,Mckenzie Dougherty,female,60,17031
744,Wonka Company,Carmen Delisi,male,26,6993
745,Wonka Company,Elizabeth Hewitt,female,53,10690
746,Wonka Company,Maurice Miles,none,34,16653
747,Wonka Company,Ruth Bennett,female,51,639
748,Wonka Company,Bradley Rhodes,male,47,14177
749,Wonka Company,Ernest Reyes,male,55,11603
750,Wonka Company,Kathleen Tsang,female,41,10296
751,Wonka Company,Nancy Moradian,none,55,2405
752,Wonka Company,James Pizarro,male,64,12691
753,Wonka Company,Eric Capps,male,51,6586
754,Wonka Company,Barry Smithers,male,49,17515
755,Wonka Company,Kelly Lafave,none,58,14709
756,Wonka Company,Connie Stokes,female,27,8057
757,Wonka Company,Muriel Booth,female,38,12850
758,Wonka Company,William Garcia,male,64,3700
759,Wonka Company,Robert Schrader,male,27,14921
760,Wonka Company,Andrew Stoddard,male,44,9475
761,Wonka Company,Ralph Paquin,male,31,14806
762,Wonka Company,Viola Munoz,female,35,8031
763,Wonka Company,Kenneth Farnsworth,none,33,14301
764,Wonka Company,Jacqueline Pratt,none,54,1599
765,Wonka Company,Nancy Fanno,female,40,9220
766,Wonka Company,Anthony Young,male,30,12546
767,Wonka Company,Keely Rice,female,25,1068
768,Wonka Company,Antonio Sanchez,none,64,16091
769,Wonka Company,Susan Lacy,female,50,4405
770,Wonka Company,Bobbie Murray,female,51,3470
771,Wonka Company,Leslie Viviani,none,53,1732
772,Wonka Company,Tracy Anderson,none,41,12391
773,Wonka Company,Edna Clyne,female,56,4276
774,Wonka Company,Micheal Blakely,male,43,12132
775,Wonka Company,Frances Bass,female,27,7507
776,Wonka Company,Sharon Fontenot,female,48,9120
777,Wonka Company,Peter Arias,none,42,9083
778,Wonka Company,Angela Davis,none,42,13468
779,Wonka Company,Matthew Freeman,none,45,3806
780,Wonka Company,Ashley Moon,female,40,16187
781,Wonka Company,James Sanchez,male,30,17468
782,Wonka Company,Carolyn Nielsen,none,63,2123
783,Wonka Company,Kelly Ross,none,44,9196
784,Wonka Company,William Biffle,none,40,9922
785,Wonka Company,James Wells,male,24,895
786,Wonka Company,Krista Vandyke,female,29,12214
787,Wonka Company,Jessie Tu,female,43,3994
788,Wonka Company,David Young,none,47,17328
789,Wonka Company,Katharine Perry,female,54,17075
790,Wonka Company,Leopoldo Ensign,none,52,2300
791,Wonka Company,Donald Hysmith,male,50,17445
792,Wonka Company,Brent Williams,male,44,9158
793,Wonka Company,Regina Garza,female,29,10860
794,Wonka Company,Beatrice Curtis,female,31,8182
795,Wonka Company,Eric Ison,male,52,15832
796,Wonka Company,Nereida Legrand,none,63,5988
797,Wonka Company,Andre Harris,male,22,8627
798,Wonka Company,John Byrne,male,64,6111
799,Wonka Company,Edwina Zamora,female,56,2248
800,Wonka Company,Linda Hixon,female,42,3975
801,Wonka Company,Ronald Foley,male,63,4458
802,Wonka Company,Amanda Mcinnis,none,63,6053
803,Wonka Company,Charlotte Foster,female,40,1838
804,Wonka Company,Jarrod Woodard,none,35,10889
805,Wonka Company,Chadwick Goodwin,none,28,12004
806,Wonka Company,Amy Coppage,female,52,1069
807,Wonka Company,John Isaksen,male,23,4913
808,Wonka Company,Judy Williams,female,27,14615
809,Wonka Company,Davina Tyler,female,22,7820
810,Wonka Company,Louise Hoffman,female,58,3155
811,Wonka Company,Therese Behne,female,59,10963
812,Wonka Company,Allan Mclaughlin,male,46,122
813,Wonka Company,Shani Stutz,female,64,7960
814,Wonka Company,Martha Powell,female,46,11362
815,Wonka Company,Monica Mcintyre,female,45,3516
816,Wonka Company,Angela Bowman,none,46,8183
817,Wonka Company,Charlotte Mcneal,female,44,11671
818,Wonka Company,Ralph Macdonald,male,60,12301
819,Wonka Company,Linda Cunningham,female,55,5167
820,Wonka Company,Walter Johnson,male,44,1835
821,Wonka Company,Deborah Ryan,female,35,15613
822,Wonka Company,Frankie Ortega,female,54,7047
823,Wonka Company,Murray Chang,none,33,7919
824,Wonka Company,Janet Briggs,none,45,10664
825,Wonka Company,Karen Gilley,female,35,968
826,Wonka Company,Chris Gregory,male,44,9727
827,Wonka Company,James Lubin,male,54,5442
828,Wonka Company,Thomas Chary,male,23,11277
829,Wonka Company,William Johnson,male,50,5344
830,Wonka Company,Carlos Hernandez,male,32,8852
831,Wonka Company,Dorothy Lawrence,female,28,1657
832,Wonka Company,Richard Ware,male,55,1772
833,Wonka Company,Natalie Miller,none,43,3888
834,Wonka Company,Carlos Lanier,male,58,5750
835,Wonka Company,Phyllis Morse,female,46,12470
836,Wonka Company,Edward Amsterdam,male,36,1163
837,Wonka Company,Harold Uren,male,50,3299
838,Wonka Company,Rosemary Kelly,female,23,14628
839,Wonka Company,Ben Brummer,male,55,5015
840,Wonka Company,John Vil,none,55,9111
841,Wonka Company,Suzanne Thomas,none,36,1854
842,Wonka Company,Lavinia Hankey,female,32,11772
843,Wonka Company,Michael Dabbs,male,29,9437
844,Wonka Company,Brian Morales,male,56,4390
845,Wonka Company,Alex Branhan,none,49,12500
846,Wonka Company,Thomas Cagle,male,42,5434
847,Wonka Company,Hillary Young,none,32,9549
848,Wonka Company,Patrick Henderson,male,37,2387
849,Wonka Company,Lisa Castro,female,25,4967
850,Wonka Company,Mike Williamson,male,63,15106
851,Wonka Company,Jonathan Andrews,none,58,9114
852,Wonka Company,Kaitlyn Wood,female,57,2084
853,Wonka Company,Fred Bergeson,male,40,8408
854,Wonka Company,Eric Singleton,none,46,6066
855,Wonka Company,Brian Shevlin,none,61,5765
856,Wonka Company,Jake Rollo,male,60,16475
857,Wonka Company,Tony Lilly,none,28,16682
858,Wonka Company,Helen Baker,female,31,9067
859,Wonka Company,Reyna Nelson,female,32,547
860,Wonka Company,Trent Hughes,male,33,11838
861,Wonka Company,Yu Edwards,none,47,5278
862,Wonka Company,Margaret Phillips,none,39,51
863,Wonka Company,Ronald Markus,none,63,14213
864,Wonka Company,Helen Weidert,none,24,15344
865,Wonka Company,Gary Thurston,male,49,7815
866,Wonka Company,Yvonne Ahmad,female,46,917
867,Wonka Company,John Rivera,male,40,677
868,Wonka Company,Eric Galioto,male,37,10004
869,Wonka Company,Jose Bowen,male,65,691
870,Wonka Company,Rachel Garcia,none,25,574
871,Wonka Company,Ruben Beezley,male,21,2602
872,Wonka Company,Anthony Hunt,none,31,11415
873,Wonka Company,William Lindsey,male,27,129
874,Wonka Company,Nancy Gentry,none,30,4825
875,Wonka Company,John White,male,61,9943
876,Wonka Company,John Harris,male,22,5742
877,Wonka Company,Kevin Gay,male,48,7225
878,Wonka Company,Eric Limbrick,none,42,9262
879,Wonka Company,Tyler Eddy,male,65,16556
880,Wonka Company,Alejandro Hess,male,61,11983
881,Wonka Company,Marlene Williams,female,42,214
882,Wonka Company,Kimberlee Knipper,female,58,12451
883,Wonka Company,Laura Webb,female,46,5095
884,Wonka Company,Linda Brown,none,58,9198
885,Acme Factory,Erma Smith,female,28,16963
886,Acme Factory,Gregory Patterson,none,37,2460
887,Acme Factory,Candida Marrs,female,46,3577
888,Acme Factory,James Ayala,male,23,17071
889,Acme Factory,Leslie Smith,none,29,15934
890,Acme Factory,Tyler Jones,male,58,13875
891,Acme Factory,Carolyn Caldwell,female,31,5926
892,Acme Factory,Tanya Norman,female,23,7568
893,Acme Factory,Jessica Godina,none,30,1936
894,Acme Factory,Ashley Miller,female,24,2430
895,Acme Factory,Alex Fratta,male,33,1847
896,Acme Factory,Josephine Sigmon,female,50,7075
897,Acme Factory,Thomas Smith,male,59,15755
898,Acme Factory,Edwin Miller,male,29,16622
899,Acme Factory,Patricia Hardy,none,46,12002
900,Acme Factory,Darin Lopez,male,35,14754
901,Acme Factory,Roderick Holloway,none,52,4126
902,Acme Factory,David Klein,none,38,4593
903,Acme Factory,George Mohn,none,44,5456
904,Acme Factory,Rebecca Beach,none,27,10
905,Acme Factory,John Curtiss,male,53,10254
906,Acme Factory,Mario Mendoza,male,41,17280
907,Acme Factory,Daniel Capone,none,55,12365
908,Acme Factory,Mary Worley,female,56,4938
909,Acme Factory,Dennis Shipley,none,23,9954
910,Acme Factory,William Anderson,male,59,8940
911,Acme Factory,Eric Starkey,male,47,2835
912,Acme Factory,Nicole Gray,female,43,11600
913,Acme Factory,Elsa Wagner,female,37,3092
914,Acme Factory,Jeffrey Ramage,male,40,10109
915,Acme Factory,Beau Butler,male,56,2150
916,Acme Factory,Clifford Gonzalez,male,33,5529
917,Acme Factory,Claude Ramos,male,46,5745
918,Acme Factory,Jennifer Gray,female,24,4243
919,Acme Factory,Robert Luther,male,52,2236
920,Acme Factory,Vincent Reyna,male,65,15487
921,Acme Factory,Charlie Mccormack,none,33,15861
922,Acme Factory,Earl Collins,male,31,8637
923,Acme Factory,Dorothy Palmer,none,55,16841
924,Acme Factory,Marie Witt,female,45,16183
925,Acme Factory,Jessie Armstrong,none,64,5079
926,Acme Factory,Bertha Garcia,female,28,1528
927,Acme Factory,Dolores Chambers,female,55,8013
928,Acme Factory,Sonia Walsh,female,24,15407
929,Acme Factory,Ann Pope,female,37,15111
930,Acme Factory,Juan Steinberg,male,39,14750
931,Acme Factory,Michael Whitmire,male,56,15603
932,Acme Factory,Theresa Smith,female,43,1895
933,Acme Factory,John Baker,none,40,17555
934,Acme Factory,Harvey Violette,male,25,590
935,Acme Factory,Santo Christ,male,46,3225
936,Acme Factory,Mary Everts,female,51,14471
937,Acme Factory,Marc Wiliams,none,32,59
938,Acme Factory,Allison White,none,28,14594
939,Acme Factory,Timothy Taylor,male,37,17869
940,Acme Factory,Ronald Sullivan,none,41,8469
941,Acme Factory,Wendy Ferguson,female,57,9095
942,Acme Factory,Delia Rodriguez,none,26,10309
943,Acme Factory,Linda Hill,none,33,16097
944,Acme Factory,Carol Bogdan,none,33,10158
945,Acme Factory,Kirk Mccormick,male,55,7871
946,Acme Factory,David Robinson,none,30,15865
947,Acme Factory,Beth Bloodsaw,female,43,6941
948,Acme Factory,Phyllis Flynn,female,36,215
949,Acme Factory,Regan Edwards,female,54,1117
950,Acme Factory,Ivan Henton,male,32,9694
951,Acme Factory,Kathleen Glass,female,35,9056
952,Acme Factory,Nathan Binder,male,30,3578
953,Acme Factory,Jeffrey Sutton,male,55,8795
954,Acme Factory,James Potts,male,52,10171
955,Acme Factory,Tad Corry,male,27,8115
956,Acme Factory,Clarence Gracely,male,51,8569
957,Acme Factory,Charles Zoutte,male,64,5201
958,Acme Factory,Glenn Jenkins,male,51,8861
959,Acme Factory,Janice Hutchinson,none,64,10069
960,Acme Factory,Theresa Guttmann,female,33,10136
961,Acme Factory,Howard Price,male,34,16410
962,Acme Factory,Tiffany Behm,female,46,3679
963,Acme Factory,Robert Taylor,male,54,16717
964,Acme Factory,Ernest Bybee,male,62,17829
965,Acme Factory,Gary Vasquez,none,36,14287
966,Acme Factory,Steven Armstrong,male,54,17975
967,Acme Factory,Helen Castrellon,none,39,6335
968,Acme Factory,Martha Cole,female,41,16629
969,Acme Factory,Christopher Marquez,male,27,16917
970,Acme Factory,Juan Flood,male,35,14384
971,Acme Factory,Mona Wilson,female,58,7499
972,Acme Factory,Lisa Ward,none,32,9659
973,Acme Factory,Kathleen Fernandez,female,64,15394
974,Acme Factory,Katina Filion,female,50,15707
975,Acme Factory,Nancy Mondragon,none,27,6151
976,Acme Factory,Maria Peterson,female,62,2275
977,Acme Factory,Suzanne Mancine,none,58,9619
978,Acme Factory,Melanie Mcquistion,female,35,6554
979,Acme Factory,Joshua Hurdle,male,42,3885
980,Acme Factory,Bill Cotton,male,42,4526
981,Acme Factory,Mary Brumfield,none,30,16426
982,Acme Factory,Clarence Mcintosh,male,57,1444
983,Acme Factory,Daniel Marin,male,43,8989
984,Acme Factory,George Yanez,none,29,5522
985,Acme Factory,Laura Ramirez,female,42,9675
986,Acme Factory,Danny Ramos,none,64,12000
987,Acme Factory,Chris Dougherty,none,40,5391
988,Acme Factory,Tosha Hilton,female,36,6470
989,Acme Factory,William Battey,male,28,15130
990,Acme Factory,Lorriane Potts,female,48,2878
991,Acme Factory,Daniel Kraham,male,62,2317
992,Acme Factory,Claudia Liang,female,27,17119
993,Acme Factory,Shirley Baldwin,female,38,1735
994,Acme Factory,Marion Deleon,female,26,13205
995,Acme Factory,John Parks,none,36,15143
996,Acme Factory,Thomas Yang,none,36,17343
997,Acme Factory,Shirley Rowles,female,39,11527
998,Acme Factory,Betty Lindley,none,31,4093
999,Acme Factory,Robert Scroggs,none,44,11193
1000,Acme Factory,Adam Stanley,none,22,15381
1001,Acme Factory,Josephine Strasser,female,21,10799
1002,Acme Factory,Nancy Kramer,female,55,6274
1003,Acme Factory,Wanda Underwood,female,38,15553
1004,Acme Factory,Carl Saiz,none,58,10526
1005,Acme Factory,Tara Moore,female,54,13347
1006,Acme Factory,Gregory Dugas,none,33,10646
1007,Acme Factory,Shirley Barnhill,female,51,16841
1008,Acme Factory,Eric Mcmaster,none,43,16274
1009,Acme Factory,Neil Tortora,none,38,13534
1010,Acme Factory,Donald Bennett,male,61,15070
1011,Acme Factory,Bianca Tew,none,40,6219
1012,Acme Factory,Marvel Gill,female,46,10856
1013,Acme Factory,Lydia Estrella,female,31,14749
1014,Acme Factory,Rosie Perdue,none,41,4992
1015,Acme Factory,Daniel Spurlock,none,61,3044
1016,Acme Factory,Nola Harris,female,54,17381
1017,Acme Factory,Duane Norton,male,47,1323
1018,Acme Factory,Elke Cavallaro,female,31,94
1019,Acme Factory,Doris Irby,female,31,4491
1020,Acme Factory,Trina Smith,female,34,7899
1021,Acme Factory,Martha Calhoun,female,58,7728
1022,Acme Factory,Earline Sherrod,none,22,16202
1023,Acme Factory,Robert Avila,male,54,182
1024,Acme Factory,Natalie Ackerley,none,34,4343
1025,Acme Factory,Steven Napier,male,57,15714
1026,Acme Factory,Ted Bonneau,male,44,3910
1027,Acme Factory,Myong Harris,none,45,11287
1028,Acme Factory,Jonathan Crawford,male,59,8680
1029,Acme Factory,Steven Carlisle,male,43,210
1030,Acme Factory,Shaun Bell,none,36,8726
1031,Acme Factory,John Lynum,none,42,12065
1032,Acme Factory,Linda Clark,none,55,16961
1033,Acme Factory,Chad Treisch,male,53,9313
1034,Acme Factory,Alton Jastrebski,male,32,10250
1035,Acme Factory,Katherine Ruff,none,37,1661
1036,Acme Factory,Helen Hammond,female,60,14411
1037,Acme Factory,Amanda Kohn,female,40,306
1038,Acme Factory,Alice Hernandez,female,46,17300
1039,Acme Factory,Laura Jaynes,female,44,14125
1040,Acme Factory,Jean Duke,male,36,15420
1041,Acme Factory,Mike Casillas,male,33,11475
1042,Acme Factory,Juan Pearson,male,65,10564
1043,Acme Factory,Adrian Haight,none,41,17947
1044,Acme Factory,Adam Clasen,male,27,15919
1045,Acme Factory,Ernesto Hall,none,40,3349
1046,Acme Factory,John Millner,none,49,3087
1047,Acme Factory,Jennifer Ferguson,none,55,2382
1048,Acme Factory,Grace Martin,female,27,13483
1049,Acme Factory,Nannie Warren,female,53,12548
1050,Acme Factory,Karen Kneeland,none,57,1729
1051,Acme Factory,Catalina Rosario,female,57,3677
1052,Acme Factory,Francis Ferry,none,34,1843
1053,Acme Factory,Paul Hovermale,male,46,15930
1054,Acme Factory,Leslie Rosas,female,38,13738
1055,Acme Factory,Demarcus Vaughan,none,25,4493
1056,Acme Factory,Guy Love,male,37,422
1057,Acme Factory,Mark Harris,male,50,12078
1058,Acme Factory,Charles Gibbons,male,44,9612
1059,Acme Factory,Karla Guerrette,none,32,7975
1060,Acme Factory,Karen Hill,none,27,13100
1061,Acme Factory,Lisa Treadway,female,31,496
1062,Acme Factory,Gilbert Burroughs,male,27,16760
1063,Acme Factory,Shirley Callahan,none,63,3626
1064,Acme Factory,Mark Brownfield,male,63,11736
1065,Acme Factory,Casey Joos,male,60,4313
1066,Acme Factory,Virginia Walker,female,43,14177
1067,Acme Factory,Rosita Dorsch,female,36,17696
1068,Acme Factory,Melissa Morrison,female,61,15817
1069,Acme Factory,Luther Campbell,male,49,3462
1070,Acme Factory,Darren Rice,male,26,309
1071,Acme Factory,Elizabeth Baker,none,59,8062
1072,Acme Factory,Glenna Ernst,female,47,14444
1073,Acme Factory,Monika Lightner,female,62,14567
1074,Acme Factory,Judy Dickie,female,34,4290
1075,Acme Factory,Wesley Collins,none,23,17025
1076,Acme Factory,Camille Bosley,female,47,15943
1077,Acme Factory,David Harwell,none,36,8553
1078,Acme Factory,Rashida Allan,none,55,1611
1079,Acme Factory,Hortensia Finch,female,62,13575
1080,Acme Factory,Ramon Shoji,male,53,10731
1081,Acme Factory,Albert Sparks,male,58,16697
1082,Acme Factory,Jonathan Partlow,male,37,1812
1083,Acme Factory,Christopher Mccormick,none,28,8785
1084,Acme Factory,Gregory Clay,male,59,11171
1085,Acme Factory,Rose Snow,female,23,11956
1086,Acme Factory,Jeffrey Duarte,none,32,1262
1087,Acme Factory,Sona Paolucci,female,52,17113
1088,Acme Factory,Jack Gold,male,24,16465
1089,Acme Factory,Forrest Kaufman,none,58,5533
1090,Acme Factory,Albert Colley,none,39,2885
1091,Acme Factory,Richard Mcdaries,male,22,7561
1092,Acme Factory,Bryon Denton,male,38,15776
1093,Acme Factory,Todd Morgan,male,24,4706
1094,Acme Factory,Arlene Suk,female,25,49
1095,Acme Factory,Sam Donnelly,male,26,13613
1096,Acme Factory,Rosemary Finnell,female,29,10177
1097,Acme Factory,Mary Oldham,none,47,9083
1098,Acme Factory,Lyman Aguinaldo,male,61,2554
1099,Acme Factory,Joseph Nitz,male,36,16894
1100,Acme Factory,David Brooks,none,33,9451
1101,Acme Factory,Kristin Gaiser,female,58,13798
1102,Acme Factory,Beverly Porter,none,27,1665
1103,Acme Factory,Bernice Baker,female,23,2362
1104,Acme Factory,Juanita Palmer,none,42,3714
1105,Acme Factory,Cynthia Hambleton,none,45,12473
1106,Acme Factory,Dwight Hammers,male,34,5895
1107,Acme Factory,Hildegard Gerlach,female,40,13416
1108,Acme Factory,Jennifer Ferrer,female,65,5023
1109,Acme Factory,Gregory Fiorini,male,28,11848
1110,Acme Factory,Amy Thomas,none,27,5600
1111,Acme Factory,Agnes Allen,female,61,12066
1112,Acme Factory,Troy Reader,none,40,8523
1113,Acme Factory,Travis Cordell,male,44,14334
1114,Acme Factory,Sandra Wang,female,50,16641
1115,Acme Factory,Naomi Varner,female,58,4187
1116,Acme Factory,Henry Korczynski,male,21,3140
1117,Acme Factory,Jonathan Ferguson,none,40,7174
1118,Acme Factory,Emanuel Ross,male,47,8377
1119,Acme Factory,Brian Eckhardt,none,29,10657
1120,Acme Factory,Josephine Underwood,female,56,14052
1121,Acme Factory,Carrie Weir,female,43,3046
1122,Acme Factory,Kevin Summers,male,43,8153
1123,Acme Factory,Heath Lapierre,male,33,14310
1124,Acme Factory,Claude Hiatt,male,24,11857
1125,Acme Factory,Rebecca Englert,female,50,12087
1126,Acme Factory,Walter Bernat,male,27,14401
1127,Acme Factory,Holly Payton,female,46,14943
1128,Acme Factory,Winston Hogen,none,49,5977
1129,Acme Factory,Melvin Griggs,male,48,1795
1130,Acme Factory,Steve Shoffner,none,48,6890
1131,Acme Factory,Aaron Dyson,male,28,5916
1132,Acme Factory,Shannon Venegas,female,38,1160
1133,Acme Factory,Brady Harris,male,57,15733
1134,Acme Factory,Mary Benton,none,54,17661
1135,Acme Factory,Jessica Sancho,female,38,8766
1136,Acme Factory,Brian Mack,none,64,14662
1137,Acme Factory,Jessica Christensen,female,47,7967
1138,Acme Factory,Leonora Davis,female,26,13602
1139,Acme Factory,Marcos Kirk,male,34,1045
1140,Acme Factory,Nathan Robertson,male,58,16312
1141,Acme Factory,Anthony Doggett,male,28,12857
1142,Acme Factory,Larry Gonzales,male,36,14471
1143,Acme Factory,Mary Goodenow,none,63,1429
1144,Acme Factory,Norbert Covington,male,30,7317
1145,Acme Factory,Leonor Blanchard,none,39,1494
1146,Umbrella LTDA,Cynthia Espinal,female,63,3490
1147,Umbrella LTDA,Bradley Slaughter,male,33,15034
1148,Umbrella LTDA,Laurel Rodriguez,female,45,10320
1149,Umbrella LTDA,Troy Gates,male,59,11608
1150,Umbrella LTDA,Ruth Cook,none,27,3202
1151,Umbrella LTDA,Kathy Le,female,29,11348
1152,Umbrella LTDA,Daniel Swanger,male,31,15322
1153,Umbrella LTDA,Joyce Holsten,female,42,8311
1154,Umbrella LTDA,Amy Miller,female,28,6017
1155,Umbrella LTDA,Megan Anderson,female,59,8913
1156,Umbrella LTDA,Michael Mitchell,male,31,11297
1157,Umbrella LTDA,Vilma Gehring,female,58,5529
1158,Umbrella LTDA,Kristyn Vincent,female,39,10571
1159,Umbrella LTDA,Crystal Fontaine,female,40,13499
1160,Umbrella LTDA,Garth Alvarez,male,47,13689
1161,Umbrella LTDA,Mildred Correa,female,47,12603
1162,Umbrella LTDA,Donnie Taylor,male,36,1776
1163,Umbrella LTDA,Robert Chalker,male,44,7468
1164,Umbrella LTDA,John Brooks,male,39,13824
1165,Umbrella LTDA,Shonna Humpherys,female,61,396
1166,Umbrella LTDA,John Watson,male,32,8405
1167,Umbrella LTDA,Richard Kiani,male,21,4968
1168,Umbrella LTDA,Myrtle Johnson,female,31,17636
1169,Umbrella LTDA,Edward Jablonski,male,50,6551
1170,Umbrella LTDA,William Henslee,male,62,13348
1171,Umbrella LTDA,Nichelle Kercher,female,38,5416
1172,Umbrella LTDA,Margaret Lee,female,21,10561
1173,Umbrella LTDA,David Rave,none,29,755
1174,Umbrella LTDA,Tamie Thompson,none,26,9476
1175,Umbrella LTDA,Dora Vaughn,none,21,8251
1176,Umbrella LTDA,Christopher Allred,male,31,1639
1177,Umbrella LTDA,Brenda Faulk,female,59,13830
1178,Umbrella LTDA,Matthew Sell,male,37,11495
1179,Umbrella LTDA,Veronica Mcnear,female,43,8454
1180,Umbrella LTDA,Jessica Walden,none,28,9737
1181,Umbrella LTDA,Melissa Livingston,none,65,7719
1182,Umbrella LTDA,Dorothy Woods,none,60,11783
1183,Umbrella LTDA,Robin Taylor,male,28,10846
1184,Umbrella LTDA,Nathaniel Mcmillian,none,39,3696
1185,Umbrella LTDA,Andrew Neely,male,47,15116
1186,Umbrella LTDA,Wilson Kellam,male,56,15176
1187,Umbrella LTDA,Cody Foster,male,27,10080
1188,Umbrella LTDA,Kim Firestine,none,42,5060
1189,Umbrella LTDA,Jame Weber,male,50,15232
1190,Umbrella LTDA,Matthew Lewis,male,21,2267
1191,Umbrella LTDA,Charles Plotkin,male,51,17225
1192,Umbrella LTDA,Danny Henderson,male,32,2331
1193,Umbrella LTDA,Charla Knickerbocker,none,27,5819
1194,Umbrella LTDA,Maria Jones,none,33,10181
1195,Umbrella LTDA,Sandra Newsome,female,35,6687
1196,Umbrella LTDA,Kevin Averill,none,27,12963
1197,Umbrella LTDA,Maria Hawthorne,none,58,7178
1198,Umbrella LTDA,Donnie Ames,none,57,3416
1199,Umbrella LTDA,Michael Parker,none,44,16809
1200,Umbrella LTDA,Alicia Gilchrist,female,62,7982
1201,Umbrella LTDA,Samuel Bejarano,male,36,4080
1202,Umbrella LTDA,Lauren Saenz,none,37,7845
1203,Umbrella LTDA,Troy Stenberg,none,53,9968
1204,Umbrella LTDA,Andrew Gonzales,male,35,234
1205,Umbrella LTDA,Julee Ruper,female,36,13226
1206,Umbrella LTDA,Richard Warren,male,64,2303
1207,Umbrella LTDA,Robert Fulcher,male,25,6271
1208,Umbrella LTDA,Kyle Jewell,male,42,8665
1209,Umbrella LTDA,Raymond Lubin,none,46,15276
1210,Umbrella LTDA,Annette Uppencamp,none,49,11367
1211,Umbrella LTDA,Keely Richardson,female,31,9381
1212,Umbrella LTDA,Frances Workman,female,39,1601
1213,Umbrella LTDA,Cecil Bronson,none,51,8919
1214,Umbrella LTDA,Lydia Goff,female,28,2136
1215,Umbrella LTDA,Zoe Ruiz,female,24,12931
1216,Umbrella LTDA,Lois Robins,none,42,15693
1217,Umbrella LTDA,Paul Canter,none,24,3376
1218,Umbrella LTDA,Casey Bring,none,65,5923
1219,Umbrella LTDA,Brian Walker,male,26,3268
1220,Umbrella LTDA,Valerie Miller,none,36,12375
1221,Umbrella LTDA,Clifton Phillips,male,33,16380
1222,Umbrella LTDA,Steven Smith,male,64,16694
1223,Umbrella LTDA,Victor Ahern,none,40,256
1224,Umbrella LTDA,Brian Swigert,none,55,5235
1225,Umbrella LTDA,Danielle Williams,female,27,8384
1226,Umbrella LTDA,Sandy Ayala,male,22,11572
1227,Umbrella LTDA,Danny Pitpitan,male,35,7999
1228,Umbrella LTDA,Jerry Warman,male,22,3307
1229,Umbrella LTDA,Wilson Lawler,male,35,16863
1230,Umbrella LTDA,Daniel Terry,male,32,4868
1231,Umbrella LTDA,Clarence Carleton,male,53,5
1232,Umbrella LTDA,Christine Fuller,female,63,5339
1233,Umbrella LTDA,Betty Amos,female,60,8032
1234,Umbrella LTDA,Kayla Henkes,female,62,6723
1235,Umbrella LTDA,Gary Catania,none,65,15571
1236,Umbrella LTDA,James Rose,none,51,7046
1237,Umbrella LTDA,Kathryn Allen,female,55,7315
1238,Umbrella LTDA,Ina Cassidy,none,26,3288
1239,Umbrella LTDA,Vanessa Mckay,female,23,3438
1240,Umbrella LTDA,Scott Evans,male,48,5072
1241,Umbrella LTDA,Frances Anderson,female,62,14100
1242,Umbrella LTDA,Theresa Bewick,none,48,14683
1243,Umbrella LTDA,Terri Mario,female,64,6996
1244,Umbrella LTDA,Eddie Hofman,none,57,11049
1245,Umbrella LTDA,Sandra Fisher,female,39,9610
1246,Umbrella LTDA,Lan Brown,none,37,9036
1247,Umbrella LTDA,Carol Wright,none,36,13591
1248,Umbrella LTDA,Mathew Marin,male,23,612
1249,Umbrella LTDA,Eleanor Washington,female,42,4372
1250,Umbrella LTDA,Lisa Beaman,female,53,15024
1251,Umbrella LTDA,Patrick Warfield,male,58,5792
1252,Umbrella LTDA,Lyndon Germain,none,47,727
1253,Umbrella LTDA,Sonia Mims,none,26,12159
1254,Umbrella LTDA,Lorraine Langston,female,59,11410
1255,Umbrella LTDA,Addie Jones,female,37,4035
1256,Umbrella LTDA,Francisco Sierra,male,28,14492
1257,Umbrella LTDA,Andre Chambers,male,31,17880
1258,Umbrella LTDA,Daniel Williams,male,32,1175
1259,Umbrella LTDA,Stacia Ratcliff,none,22,759
1260,Umbrella LTDA,Alfreda Robertson,none,26,14652
1261,Umbrella LTDA,Robert Fleming,none,61,1044
1262,Umbrella LTDA,Barbara Trejo,none,31,173
1263,Umbrella LTDA,Susan Fassino,female,29,8142
1264,Umbrella LTDA,George Herring,male,28,13616
1265,Umbrella LTDA,Lisa Strickland,female,50,1955
1266,Umbrella LTDA,Patricia Albino,female,58,5717
1267,Umbrella LTDA,Robert Leek,male,44,16153
1268,Umbrella LTDA,Kathleen Heller,female,46,13430
1269,Umbrella LTDA,Debra Stubbs,female,60,3800
1270,Umbrella LTDA,Christopher Wilkerson,none,47,4235
1271,Umbrella LTDA,Jessica Hoskins,female,61,10335
1272,Umbrella LTDA,Deborah Keiser,female,61,9786
1273,Umbrella LTDA,Mary Cline,female,36,16310
1274,Umbrella LTDA,Charles Smalley,none,26,1958
1275,Umbrella LTDA,Randall Vanhoose,male,39,7014
1276,Umbrella LTDA,David Mankey,male,49,14524
1277,Umbrella LTDA,Paul Shields,male,37,6511
1278,Umbrella LTDA,Wayne Williams,male,35,12618
1279,Umbrella LTDA,Gary Clayton,none,64,452
1280,Umbrella LTDA,John Simpson,none,37,10598
1281,Umbrella LTDA,Shirley Ortiz,female,63,17092
1282,Umbrella LTDA,John Martindale,male,30,13692
1283,Umbrella LTDA,Terrence Smith,none,23,8039
1284,Umbrella LTDA,June Chynoweth,female,47,10446
1285,Umbrella LTDA,Bill Wright,male,37,13214
1286,Umbrella LTDA,Beverly Campbell,female,64,9541
1287,Umbrella LTDA,Lorene Mason,female,58,10076
1288,Umbrella LTDA,Victor Amick,none,22,2036
1289,Umbrella LTDA,Shirley Oneal,female,24,15686
1290,Umbrella LTDA,William Sabir,male,32,1396
1291,Umbrella LTDA,Bonnie Miller,female,56,10723
1292,Umbrella LTDA,Nicole Conroy,female,32,14875
1293,Umbrella LTDA,Thomas Fennell,none,56,5709
1294,Umbrella LTDA,John Moroney,male,34,3188
1295,Umbrella LTDA,Lauren Reynolds,female,46,8548
1296,Umbrella LTDA,Julie Lefebvre,female,59,16841
1297,Umbrella LTDA,Kathleen Griggs,female,49,16110
1298,Umbrella LTDA,Lori Barbour,female,32,1353
1299,Umbrella LTDA,Helen Meyer,none,25,17876
1300,Umbrella LTDA,Cynthia Noguera,female,30,17591
1301,Umbrella LTDA,Joseph Turner,male,57,17422
1302,Umbrella LTDA,Marilee Thompson,female,63,11850
1303,Umbrella LTDA,Douglas Kreider,male,59,12031
1304,Umbrella LTDA,Daniel Chobot,male,57,4988
1305,Umbrella LTDA,Sandra Cutlip,female,51,6389
1306,Umbrella LTDA,David Trost,male,40,1694
1307,Umbrella LTDA,Carl Branch,male,56,207
1308,Umbrella LTDA,Yolanda Perry,female,25,1439
1309,Umbrella LTDA,Tony Bishop,none,22,7447
1310,Umbrella LTDA,Billy Polly,male,46,15685
1311,Umbrella LTDA,Timothy Boyce,male,65,14047
1312,Umbrella LTDA,Matthew Eskridge,male,38,5712
1313,Umbrella LTDA,Milton Thompson,male,61,11511
1314,Umbrella LTDA,Janet Bufkin,female,43,13581
1315,Umbrella LTDA,Annabel Loughran,female,23,17828
1316,Umbrella LTDA,Joseph Colvin,male,50,8571
1317,Umbrella LTDA,Goldie Pankratz,none,45,3936
1318,Umbrella LTDA,Harriette Roswick,none,55,8041
1319,Umbrella LTDA,Grace Walling,none,51,6729
1320,Umbrella LTDA,Trevor Robinson,male,26,10860
1321,Umbrella LTDA,Cynthia Starkey,none,59,10822
1322,Umbrella LTDA,Irene Cavanaugh,none,31,507
1323,Umbrella LTDA,Helen Warner,female,24,7681
1324,Umbrella LTDA,Jason Fraser,none,26,12764
1325,Umbrella LTDA,Doris Wendt,female,51,1813
1326,Umbrella LTDA,Phillip Sarni,male,60,10959
1327,Umbrella LTDA,Joseph Mccoy,male,42,9966
1328,Umbrella LTDA,Cheryl Avila,female,51,17230
1329,Umbrella LTDA,Alva Johnson,male,59,878
1330,Umbrella LTDA,Laura Helle,none,59,9946
1331,Umbrella LTDA,Nathan Kyle,male,37,3165
1332,Umbrella LTDA,Kimberly Jessica,female,37,1501
1333,Umbrella LTDA,Misty Littlefield,female,21,4057
1334,Umbrella LTDA,Tina Lancaster,female,60,522
1335,Umbrella LTDA,Albert Garroutte,male,23,17183
1336,Umbrella LTDA,Kim Shores,female,40,12568
1337,Umbrella LTDA,James Gimenez,male,28,5987
1338,Umbrella LTDA,Viola Agosta,female,52,9370
1339,Umbrella LTDA,Paul Rodriguez,male,35,8048
